"","Df","SumOfSqs","R2","F","Pr(>F)"
"upf_status",1,1.63876624529266,0.0137084009760191,5.36374649410578,0.001
"asthma",1,0.417616917449834,0.00349339643479721,1.36687662641647,0.058
"upf_status:asthma",1,0.471667454032148,0.00394553317520647,1.54378616243522,0.026
"Residual",383,117.016617514793,0.978852669413977,NA,NA
"Total",386,119.544668131568,1,NA,NA
