"","Df","SumOfSqs","R2","F","Pr(>F)"
"upf_status",1,1.39104690919655,0.00939850139094293,3.65361945266884,0.001
"allergies",1,0.421842828747101,0.00285014860859645,1.10798072652307,0.159
"upf_status:allergies",1,0.374371674439559,0.00252941340776357,0.983296553996592,0.474
"Residual",383,145.820048618667,0.985221936592698,NA,NA
"Total",386,148.00731003105,1,NA,NA
