"","Df","SumOfSqs","R2","F","Pr(>F)"
"upf_status",1,1.39104690919655,0.00939850139094293,3.65823901529394,0.001
"asthma",1,0.467725288153036,0.00316014991458808,1.23004543286704,0.063
"upf_status:asthma",1,0.512628316872765,0.00346353377252259,1.34813347898639,0.02
"Residual",383,145.635909516828,0.983977814921947,NA,NA
"Total",386,148.00731003105,1,NA,NA
