"","Df","SumOfSqs","R2","F","Pr(>F)"
"upf_status",1,0.00218022651714839,0.00736809736602608,2.85959443933094,0.013
"asthma",1,0.00108153392016315,0.00365505472286647,1.41854452265422,0.172
"upf_status:asthma",1,0.000630317263442587,0.00213016350915981,0.826726822822163,0.447
"Residual",383,0.29200880536864,0.986846684401948,NA,NA
"Total",386,0.295900883069394,1,NA,NA
