"","Df","SumOfSqs","R2","F","Pr(>F)"
"upf_status",1,1.63876624529266,0.0137084009760191,5.35363300898884,0.001
"allergies",1,0.367438687222521,0.00307365182375284,1.20037368986858,0.158
"upf_status:allergies",1,0.300790969137747,0.00251613872738101,0.982644392272074,0.46
"Residual",383,117.237672229915,0.980701808472848,NA,NA
"Total",386,119.544668131568,1,NA,NA
