"","Df","SumOfSqs","R2","F","Pr(>F)"
"upf_status",1,0.00218022651714839,0.00736809736602608,2.87558725128878,0.016
"allergies",1,0.00264473195562079,0.00893789815084991,3.48824190277545,0.009
"upf_status:allergies",1,0.000691149906310304,0.0023357480354265,0.911585031960272,0.47
"Residual",383,0.290384774690314,0.981358256447697,NA,NA
"Total",386,0.295900883069394,1,NA,NA
